subject,Fz_pMP,Cz_pMP,Pz_pMP,Oz_pMP,Fz_HFD,Cz_HFD,Pz_HFD,Oz_HFD
TEST,19.265489674997,19.264978596717945,19.274152918344583,19.267465207142052,1.0012242127071525,1.0012450806632427,1.0007222031866316,0.9998120250202934
