cv_type,accuracy,balanced_accuracy,roc_auc
LOO,0.5190476190476191,0.48294203961848864,0.5209556126192224
KFold,0.5285714285714286,0.49156272927366107,0.5658473954512107
